channel,twitter_handle,lower_handles,lower_channel
xQcOW,xQc,xqc,xqcow
summit1g,summit1g,summit1g,summit1g
Tfue,Tfue,tfue,tfue
Asmongold,Asmongold,asmongold,asmongold
NICKMERCS,NICKMERCS,nickmercs,nickmercs
loltyler1,loltyler1,loltyler1,loltyler1
LIRIK,LIRIK,lirik,lirik
sodapoppin,Sodapoppintv,sodapoppintv,sodapoppin
CohhCarnage,CohhCarnage,cohhcarnage,cohhcarnage
Castro_1021,Castro1021,castro1021,castro_1021
Pestily,Pestily,pestily,pestily
MOONMOON,MOONMOON_OW,moonmoon_ow,moonmoon
Myth,Myth_,myth_,myth
nl_Kripp,Kripparrian,kripparrian,nl_kripp
Fresh,Fresh,fresh,fresh
TFBlade,tfblade,tfblade,tfblade
Yassuo,Yassuo,yassuo,yassuo
HasanAbi,hasanthehun,hasanthehun,hasanabi
Bugha,bugha,bugha,bugha
Clix,Clix,clix,clix
Gorgc,Gorgc,gorgc,gorgc
ONSCREEN,onscreenlol,onscreenlol,onscreen
AdmiralBahroo,AdmiralBahroo,admiralbahroo,admiralbahroo
Quin69,quinrex,quinrex,quin69
NickEh30,NickEh30,nickeh30,nickeh30
forsen,Forsen,forsen,forsen
Symfuhny,Symfuhny,symfuhny,symfuhny
Mizkif,REALMizkif,realmizkif,mizkif
Maximilian_DOOD,maximilian_,maximilian_,maximilian_dood
Trainwreckstv,Trainwreckstv,trainwreckstv,trainwreckstv
SypherPK,SypherPK,sypherpk,sypherpk
Sacriel,Sacriel,sacriel,sacriel
dakotaz,dakotaz,dakotaz,dakotaz
AdmiralBulldog,AdmiralBulldog,admiralbulldog,admiralbulldog
pokimane,pokimanelol,pokimanelol,pokimane
Method,Method,method,method
Nightblue3,Nightbloo,nightbloo,nightblue3
EsfandTV,EsfandTV,esfandtv,esfandtv
shroud,shroud,shroud,shroud
Scarra,scarra,scarra,scarra
Thijs,G2Thijs,g2thijs,thijs
Swagg,Swagg,swagg,swagg
TeePee,TylerTeeP,tylerteep,teepee
LVNDMARK,LVNDMARK_tv,lvndmark_tv,lvndmark
cloakzy,cloakzy,cloakzy,cloakzy
aceu,aceu,aceu,aceu
Elajjaz,Elajjaz,elajjaz,elajjaz
CDNThe3rd,CDNThe3rd,cdnthe3rd,cdnthe3rd
Kitboga,Kitboga,kitboga,kitboga
DansGaming,Dansgaming,dansgaming,dansgaming
RATIRL,Aatroxcarry,aatroxcarry,ratirl
Yogscast,yogscast,yogscast,yogscast
dogdog,dogdog,dogdog,dogdog
chocoTaco,chocoTaco,chocotaco,chocotaco
Amouranth,Amouranth,amouranth,amouranth
UberHaxorNova,UberHaxorNova,uberhaxornova,uberhaxornova
Giantwaffle,GiantWaffle,giantwaffle,giantwaffle
imaqtpie,Imaqtpielol,imaqtpielol,imaqtpie
x2Twins,x2twins,x2twins,x2twins
Anton,AntonFromYT,antonfromyt,anton
benjyfishy,benjyfishy,benjyfishy,benjyfishy
Jinnytty,Jinnytty1,jinnytty1,jinnytty
Mathil1,MathilExists,mathilexists,mathil1
Greekgodx,Greekgodx,greekgodx,greekgodx
Diegosaurs,diegosaurs,diegosaurs,diegosaurs
Nick28T,Nick28T,nick28t,nick28t
GMHikaru,GMHikaru,gmhikaru,gmhikaru
Chap,ChapFN,chapfn,chap
Klean,Kleanisklean,kleanisklean,klean
Gladd,Gladd,gladd,gladd
Vinesauce,VinnyVinesauce,vinnyvinesauce,vinesauce
RduLIVE,G2Rdu,g2rdu,rdulive
Hiko,Hiko,hiko,hiko
FENGRUSH,FENGRUSH,fengrush,fengrush
72hrs,72hrs,72hrs,72hrs
JoshOG,JoshOG,joshog,joshog
B0aty,B0aty,b0aty,b0aty
AustinShow,AustinOnTwitter,austinontwitter,austinshow
39daph,39daph,39daph,39daph
scump,scump,scump,scump
Kyle,kylenotskyler,kylenotskyler,kyle
Aydan,aydan,aydan,aydan
Mongraal,Mongraal,mongraal,mongraal
EmadGG,EmadGG,emadgg,emadgg
lilypichu,LilyPichu,lilypichu,lilypichu
KingGeorge,KingGeorge,kinggeorge,kinggeorge
Zizaran,Zizaran,zizaran,zizaran
imls,LSXYZ9,lsxyz9,imls
TSM_ImperialHal,ImperialHal,imperialhal,tsm_imperialhal
Towelliee,towelthetank,towelthetank,towelliee
FollowGrubby,followgrubby,followgrubby,followgrubby
IWillDominate,IWDominateLoL,iwdominatelol,iwilldominate
Nadeshot,Nadeshot,nadeshot,nadeshot
buddha,Thebuddha_3,thebuddha_3,buddha
Deadlyslob,Deadlyslob,deadlyslob,deadlyslob
Nmplol,nmplol,nmplol,nmplol
Sequisha,Sequisha,sequisha,sequisha
HusKerrs,HusKerrs,huskerrs,huskerrs
Shiphtur,Shiphtur,shiphtur,shiphtur
BarbarousKing,DKBarbarian,dkbarbarian,barbarousking
moistcr1tikal,MoistCr1TiKaL,moistcr1tikal,moistcr1tikal
Rush,RushLoL,rushlol,rush
LosPollosTV,LosPollosTV,lospollostv,lospollostv
Voyboy,Voyboy,voyboy,voyboy
DatModz,DatModz,datmodz,datmodz
dafran,dafran,dafran,dafran
Aurateur,Aurateur,aurateur,aurateur
pokelawls,pokelawls,pokelawls,pokelawls
A_Seagull,A_Seagull,a_seagull,a_seagull
koil,ItsKoil,itskoil,koil
itsHafu,itshafu,itshafu,itshafu
Loeya,Loeya,loeya,loeya
Payo,payowow,payowow,payo
Shotz,TR_Shotz,tr_shotz,shotz
m0xyy,m0xyOW,m0xyow,m0xyy
LexVeldhuis,LexVeldhuis,lexveldhuis,lexveldhuis
NateHill,NateHillTV,natehilltv,natehill
Emongg,emonggtv,emonggtv,emongg
fl0m,fl0mtv,fl0mtv,fl0m
AsmodaiTV,coL_Asmodai,col_asmodai,asmodaitv
Grimmmz,MrGrimmmmz,mrgrimmmmz,grimmmz
BurkeBlack,0BurkeBlack0,0burkeblack0,burkeblack
Trick2g,Trick2g,trick2g,trick2g
FORMAL,FormaL,formal,formal
ANGRYPUG,ANGRYPUG,angrypug,angrypug
ShivFPS,ShivFPS,shivfps,shivfps
Distortion2,Distortion_2,distortion_2,distortion2
boxbox,BoxBox,boxbox,boxbox
singsing,SingSing,singsing,singsing
bateson87,bateson87,bateson87,bateson87
NymN,nymnion,nymnion,nymn
The_Happy_Hob,The_Happy_Hob,the_happy_hob,the_happy_hob
jakenbakeLIVE,jakenbakeLIVE,jakenbakelive,jakenbakelive
Syndicate,Syndicate,syndicate,syndicate
BotezLive,alexandravbotez,alexandravbotez,botezlive
PENTA,PENTA_live,penta_live,penta
Sykkuno,Sykkuno,sykkuno,sykkuno
Jerma985,Jerma985,jerma985,jerma985
aDrive,aDrive_tK,adrive_tk,adrive
cyr,cyr,cyr,cyr
MrSavage,MrSavage,mrsavage,mrsavage
Northernlion,Northernlion,northernlion,northernlion
Mendo,Mendo,mendo,mendo
ItsSlikeR,Sliker,sliker,itssliker
Alinity,AlinityTwitch,alinitytwitch,alinity
Flight23white,Flight23White,flight23white,flight23white
Loserfruit,Loserfruit,loserfruit,loserfruit
Broxah,BroxahLoL,broxahlol,broxah
HAchubby,hachubbytv,hachubbytv,hachubby
CurtisRyan,Curtisryan__,curtisryan__,curtisryan
miniminter,miniminter,miniminter,miniminter
xChocoBars,xChocoBars,xchocobars,xchocobars
KYR_SP33DY,KYR_SP33DY,kyr_sp33dy,kyr_sp33dy
fuslie,fuslie,fuslie,fuslie
erobb221,Erobb221,erobb221,erobb221
Kandyland,kandylul,kandylul,kandyland
Sweet_Anita,sweetanita,sweetanita,sweet_anita
AnthonyZ,AnthonyZ1O,anthonyz1o,anthonyz
roflgator,roflgatorOW,roflgatorow,roflgator
QuarterJade,QuarterJade,quarterjade,quarterjade
Crayator,crayator,crayator,crayator
Arcadum,GloriousArcadum,gloriousarcadum,arcadum
Zerkaa,ZerkaaHD,zerkaahd,zerkaa
BrookeAB,brookeab,brookeab,brookeab
CallMeCarsonLIVE,CallMeCarsonYT,callmecarsonyt,callmecarsonlive
AndyMilonakis,andymilonakis,andymilonakis,andymilonakis
